Rate,Month_Year,CPI,FEDFUNDS,JPY,EUR,GBP,AUD
0.8,1954-07,,0.8,,,,
1.22,1954-08,,1.22,,,,
1.06,1954-09,,1.07,,,,
0.85,1954-10,,0.85,,,,
0.83,1954-11,,0.83,,,,
1.28,1954-12,,1.28,,,,
1.39,1955-01,,1.39,,,,
1.29,1955-02,,1.29,,,,
1.35,1955-03,,1.35,,,,
1.43,1955-04,,1.43,,,,
1.43,1955-05,,1.43,,,,
1.64,1955-06,,1.64,,,,
1.68,1955-07,,1.68,,,,
1.96,1955-08,,1.96,,,,
2.18,1955-09,,2.18,,,,
2.24,1955-10,,2.24,,,,
2.35,1955-11,,2.35,,,,
2.48,1955-12,,2.48,,,,
2.45,1956-01,,2.45,,,,
2.5,1956-02,,2.5,,,,
2.5,1956-03,,2.5,,,,
2.62,1956-04,,2.62,,,,
2.75,1956-05,,2.75,,,,
2.71,1956-06,,2.71,,,,
2.75,1956-07,,2.75,,,,
2.73,1956-08,,2.73,,,,
2.95,1956-09,,2.95,,,,
2.96,1956-10,,2.96,,,,
2.88,1956-11,,2.88,,,,
2.94,1956-12,,2.94,,,,
2.84,1957-01,,2.84,,,,
3.0,1957-02,,3.0,,,,
2.96,1957-03,,2.96,,,,
3.0,1957-04,,3.0,,,,
3.0,1957-05,,3.0,,,,
3.0,1957-06,,3.0,,,,
2.99,1957-07,,2.99,,,,
3.24,1957-08,,3.24,,,,
3.47,1957-09,,3.47,,,,
3.5,1957-10,,3.5,,,,
3.28,1957-11,,3.28,,,,
2.98,1957-12,,2.98,,,,
2.72,1958-01,,2.72,,,,
1.67,1958-02,,1.67,,,,
1.2,1958-03,,1.2,,,,
1.26,1958-04,,1.26,,,,
0.63,1958-05,,0.63,,,,
0.93,1958-06,,0.93,,,,
0.68,1958-07,,0.68,,,,
1.53,1958-08,,1.53,,,,
1.76,1958-09,,1.76,,,,
1.8,1958-10,,1.8,,,,
2.27,1958-11,,2.27,,,,
2.42,1958-12,,2.42,,,,
2.48,1959-01,,2.48,,,,
2.43,1959-02,,2.43,,,,
2.8,1959-03,,2.8,,,,
2.96,1959-04,,2.96,,,,
2.9,1959-05,,2.9,,,,
3.39,1959-06,,3.39,,,,
3.47,1959-07,,3.47,,,,
3.5,1959-08,,3.5,,,,
3.76,1959-09,,3.76,,,,
3.98,1959-10,,3.98,,,,
4.0,1959-11,,4.0,,,,
3.99,1959-12,,3.99,,,,
3.99,1960-01,,3.99,,,,
3.97,1960-02,,3.97,,,,
3.84,1960-03,,3.84,,,,
3.92,1960-04,,3.92,,,,
3.85,1960-05,,3.85,,,,
3.32,1960-06,,3.32,,,,
3.23,1960-07,,3.23,,,,
2.98,1960-08,,2.98,,,,
2.6,1960-09,,2.6,,,,
2.47,1960-10,,2.47,,,,
2.44,1960-11,,2.44,,,,
1.98,1960-12,,1.98,,,,
1.45,1961-01,,1.45,,,,
2.54,1961-02,,2.54,,,,
2.02,1961-03,,2.02,,,,
1.49,1961-04,,1.49,,,,
1.98,1961-05,,1.98,,,,
1.73,1961-06,,1.73,,,,
1.17,1961-07,,1.17,,,,
2.0,1961-08,,2.0,,,,
1.88,1961-09,,1.88,,,,
2.26,1961-10,,2.26,,,,
2.61,1961-11,,2.61,,,,
2.33,1961-12,,2.33,,,,
2.15,1962-01,,2.15,,,,
2.37,1962-02,,2.37,,,,
2.85,1962-03,,2.85,,,,
2.78,1962-04,,2.78,,,,
2.36,1962-05,,2.36,,,,
2.68,1962-06,,2.68,,,,
2.71,1962-07,,2.71,,,,
2.93,1962-08,,2.93,,,,
2.9,1962-09,,2.9,,,,
2.9,1962-10,,2.9,,,,
2.94,1962-11,,2.94,,,,
2.93,1962-12,,2.93,,,,
2.92,1963-01,,2.92,,,,
3.0,1963-02,,3.0,,,,
2.98,1963-03,,2.98,,,,
2.9,1963-04,,2.9,,,,
3.0,1963-05,,3.0,,,,
2.99,1963-06,,2.99,,,,
3.02,1963-07,,3.02,,,,
3.49,1963-08,,3.49,,,,
3.48,1963-09,,3.48,,,,
3.5,1963-10,,3.5,,,,
3.48,1963-11,,3.48,,,,
3.38,1963-12,,3.38,,,,
3.48,1964-01,,3.48,,,,
3.48,1964-02,,3.48,,,,
3.43,1964-03,,3.43,,,,
3.47,1964-04,,3.47,,,,
3.5,1964-05,,3.5,,,,
3.5,1964-06,,3.5,,,,
3.42,1964-07,,3.42,,,,
3.5,1964-08,,3.5,,,,
3.45,1964-09,,3.45,,,,
3.36,1964-10,,3.36,,,,
3.52,1964-11,,3.52,,,,
3.85,1964-12,,3.85,,,,
3.9,1965-01,,3.9,,,,
3.98,1965-02,,3.98,,,,
4.04,1965-03,,4.05,,,,
4.09,1965-04,,4.09,,,,
4.1,1965-05,,4.1,,,,
4.04,1965-06,,4.05,,,,
4.09,1965-07,,4.09,,,,
4.12,1965-08,,4.12,,,,
4.01,1965-09,,4.02,,,,
4.08,1965-10,,4.08,,,,
4.1,1965-11,,4.1,,,,
4.32,1965-12,,4.32,,,,
4.42,1966-01,,4.42,,,,
4.6,1966-02,,4.6,,,,
4.65,1966-03,,4.66,,,,
4.67,1966-04,,4.67,,,,
4.9,1966-05,,4.9,,,,
5.17,1966-06,,5.17,,,,
5.3,1966-07,,5.3,,,,
5.53,1966-08,,5.53,,,,
5.4,1966-09,,5.4,,,,
5.53,1966-10,,5.53,,,,
5.76,1966-11,,5.76,,,,
5.4,1966-12,,5.4,,,,
4.94,1967-01,,4.94,,,,
5.0,1967-02,,5.0,,,,
4.53,1967-03,,4.53,,,,
4.05,1967-04,,4.05,,,,
3.94,1967-05,,3.94,,,,
3.98,1967-06,,3.98,,,,
3.79,1967-07,,3.79,,,,
3.9,1967-08,,3.9,,,,
3.99,1967-09,,3.99,,,,
3.88,1967-10,,3.88,,,,
4.13,1967-11,,4.13,,,,
4.51,1967-12,,4.51,,,,
4.6,1968-01,,4.61,,,,
4.71,1968-02,,4.71,,,,
5.05,1968-03,,5.05,,,,
5.76,1968-04,,5.76,,,,
6.11,1968-05,,6.12,,,,
6.07,1968-06,,6.07,,,,
6.02,1968-07,,6.03,,,,
6.03,1968-08,,6.03,,,,
5.78,1968-09,,5.78,,,,
5.91,1968-10,,5.91,,,,
5.82,1968-11,,5.82,,,,
6.02,1968-12,,6.02,,,,
6.3,1969-01,,6.3,,,,
6.61,1969-02,,6.61,,,,
6.79,1969-03,,6.79,,,,
7.41,1969-04,,7.41,,,,
8.67,1969-05,,8.67,,,,
8.9,1969-06,,8.9,,,,
8.61,1969-07,,8.61,,,,
9.19,1969-08,,9.19,,,,
9.15,1969-09,,9.15,,,,
9.0,1969-10,,9.0,,,,
8.85,1969-11,,8.85,,,,
8.97,1969-12,,8.97,,,,
8.98,1970-01,,8.98,,,,
8.98,1970-02,,8.98,,,,
7.76,1970-03,,7.76,,,,
8.1,1970-04,,8.1,,,,
7.94,1970-05,,7.95,,,,
7.6,1970-06,,7.61,,,,
7.21,1970-07,,7.21,,,,
6.61,1970-08,,6.62,,,,
6.29,1970-09,,6.29,,,,
6.2,1970-10,,6.2,,,,
5.6,1970-11,,5.6,,,,
4.9,1970-12,,4.9,,,,
4.14,1971-01,,4.14,,,,
3.72,1971-02,,3.72,,,,
3.71,1971-03,,3.71,,,,
4.15,1971-04,,4.16,,,,
4.63,1971-05,,4.63,,,,
4.91,1971-06,,4.91,,,,
5.31,1971-07,,5.31,,,,
5.56,1971-08,,5.57,,,,
5.55,1971-09,,5.55,,,,
5.2,1971-10,,5.2,,,,
4.91,1971-11,,4.91,,,,
4.14,1971-12,,4.14,,,,
3.5,1972-01,,3.51,,,,
3.29,1972-02,,3.3,,,,
3.83,1972-03,,3.83,,,,
4.17,1972-04,,4.17,,,,
4.27,1972-05,,4.27,,,,
4.46,1972-06,,4.46,,,,
4.55,1972-07,,4.55,,,,
4.8,1972-08,,4.81,,,,
4.87,1972-09,,4.87,,,,
5.04,1972-10,,5.05,,,,
5.06,1972-11,,5.06,,,,
5.33,1972-12,,5.33,,,,
5.94,1973-01,,5.94,,,,
6.58,1973-02,,6.58,,,,
7.09,1973-03,,7.09,,,,
7.12,1973-04,,7.12,,,,
7.84,1973-05,,7.84,,,,
8.49,1973-06,,8.49,,,,
10.4,1973-07,,10.4,,,,
10.5,1973-08,,10.5,,,,
10.78,1973-09,,10.78,,,,
10.01,1973-10,,10.01,,,,
10.03,1973-11,,10.03,,,,
9.95,1973-12,,9.95,,,,
9.65,1974-01,,9.65,,,,
8.97,1974-02,,8.97,,,,
9.35,1974-03,,9.35,,,,
10.51,1974-04,,10.51,,,,
11.31,1974-05,,11.31,,,,
11.93,1974-06,,11.93,,,,
12.92,1974-07,,12.92,,,,
12.01,1974-08,,12.01,,,,
11.34,1974-09,,11.34,,,,
10.06,1974-10,,10.06,,,,
9.45,1974-11,,9.45,,,,
8.53,1974-12,,8.53,,,,
7.13,1975-01,,7.13,,,,
6.24,1975-02,,6.24,,,,
5.54,1975-03,,5.54,,,,
5.49,1975-04,,5.49,,,,
5.22,1975-05,,5.22,,,,
5.55,1975-06,,5.55,,,,
6.1,1975-07,,6.1,,,,
6.14,1975-08,,6.14,,,,
6.24,1975-09,,6.24,,,,
5.82,1975-10,,5.82,,,,
5.22,1975-11,,5.22,,,,
5.2,1975-12,,5.2,,,,
4.87,1976-01,,4.87,,,,
4.77,1976-02,,4.77,,,,
4.84,1976-03,,4.84,,,,
4.82,1976-04,,4.82,,,,
5.29,1976-05,,5.29,,,,
5.48,1976-06,,5.48,,,,
5.31,1976-07,,5.31,,,,
5.29,1976-08,,5.29,,,,
5.25,1976-09,,5.25,,,,
5.02,1976-10,,5.02,,,,
4.95,1976-11,,4.95,,,,
4.65,1976-12,,4.65,,,,
4.61,1977-01,,4.61,,,,
4.68,1977-02,,4.68,,,,
4.69,1977-03,,4.69,,,,
4.73,1977-04,,4.73,,,,
5.35,1977-05,,5.35,,,,
5.39,1977-06,,5.39,,,,
5.42,1977-07,,5.42,,,,
5.9,1977-08,,5.9,,,,
6.14,1977-09,,6.14,,,,
6.47,1977-10,,6.47,,,,
6.51,1977-11,,6.51,,,,
6.56,1977-12,,6.56,,,,
6.7,1978-01,,6.7,,,,
6.78,1978-02,,6.78,,,,
6.79,1978-03,,6.79,,,,
6.89,1978-04,,6.89,,,,
7.36,1978-05,,7.36,,,,
7.6,1978-06,,7.6,,,,
7.81,1978-07,,7.81,,,,
8.04,1978-08,,8.04,,,,
8.45,1978-09,,8.45,,,,
8.96,1978-10,,8.96,,,,
9.76,1978-11,,9.76,,,,
10.03,1978-12,,10.03,,,,
10.07,1979-01,,10.07,,,,
10.06,1979-02,,10.06,,,,
10.09,1979-03,,10.09,,,,
10.01,1979-04,,10.01,,,,
10.24,1979-05,,10.24,,,,
10.29,1979-06,,10.29,,,,
10.47,1979-07,,10.47,,,,
10.94,1979-08,,10.94,,,,
11.43,1979-09,,11.43,,,,
13.77,1979-10,,13.77,,,,
13.18,1979-11,,13.18,,,,
13.78,1979-12,,13.78,,,,
13.82,1980-01,,13.82,,,,
14.13,1980-02,,14.13,,,,
17.19,1980-03,,17.19,,,,
17.61,1980-04,,17.61,,,,
10.98,1980-05,,10.98,,,,
9.47,1980-06,,9.47,,,,
9.03,1980-07,,9.03,,,,
9.61,1980-08,,9.61,,,,
10.87,1980-09,,10.87,,,,
12.81,1980-10,,12.81,,,,
15.85,1980-11,,15.85,,,,
18.9,1980-12,,18.9,,,,
19.08,1981-01,,19.08,,,,
15.93,1981-02,,15.93,,,,
14.7,1981-03,,14.7,,,,
15.72,1981-04,,15.72,,,,
18.52,1981-05,,18.52,,,,
19.1,1981-06,,19.1,,,,
19.04,1981-07,,19.04,,,,
17.82,1981-08,,17.82,,,,
15.87,1981-09,,15.87,,,,
15.08,1981-10,,15.08,,,,
13.31,1981-11,,13.31,,,,
12.37,1981-12,,12.37,,,,
13.22,1982-01,,13.22,,,,
14.78,1982-02,,14.78,,,,
14.68,1982-03,,14.68,,,,
14.94,1982-04,,14.94,,,,
14.45,1982-05,,14.45,,,,
14.15,1982-06,,14.15,,,,
12.59,1982-07,,12.59,,,,
10.12,1982-08,,10.12,,,,
10.31,1982-09,,10.31,,,,
9.71,1982-10,,9.71,,,,
9.2,1982-11,,9.2,,,,
8.95,1982-12,,8.95,,,,
8.68,1983-01,,8.68,,,,
8.51,1983-02,,8.51,,,,
8.77,1983-03,,8.77,,,,
8.8,1983-04,,8.8,,,,
8.63,1983-05,,8.63,,,,
8.98,1983-06,,8.98,,,,
9.37,1983-07,,9.37,,,,
9.56,1983-08,,9.56,,,,
9.45,1983-09,,9.45,,,,
9.48,1983-10,,9.48,,,,
9.34,1983-11,,9.34,,,,
9.47,1983-12,,9.47,,,,
9.56,1984-01,,9.56,,,,
9.59,1984-02,,9.59,,,,
9.91,1984-03,,9.91,,,,
10.29,1984-04,,10.29,,,,
10.32,1984-05,,10.32,,,,
11.06,1984-06,,11.06,,,,
11.23,1984-07,,11.23,,,,
11.64,1984-08,,11.64,,,,
11.3,1984-09,,11.3,,,,
9.99,1984-10,,9.99,,,,
9.43,1984-11,,9.43,,,,
8.38,1984-12,,8.38,,,,
8.35,1985-01,,8.35,,,,
8.5,1985-02,,8.5,,,,
8.58,1985-03,,8.58,,,,
8.27,1985-04,,8.27,,,,
7.97,1985-05,,7.97,,,,
7.53,1985-06,,7.53,,,,
7.88,1985-07,,7.88,,,,
7.9,1985-08,,7.9,,,,
7.92,1985-09,,7.92,,,,
7.99,1985-10,,7.99,,,,
8.05,1985-11,,8.05,,,,
8.27,1985-12,,8.27,,,,
8.14,1986-01,,8.14,,,,
7.86,1986-02,,7.86,,,,
7.48,1986-03,,7.48,,,,
6.99,1986-04,,6.99,,,,
6.85,1986-05,,6.85,,,,
6.92,1986-06,,6.92,,,,
6.56,1986-07,,6.56,,,,
6.17,1986-08,,6.17,,,,
5.89,1986-09,,5.89,,,,
5.85,1986-10,,5.85,,,,
6.04,1986-11,,6.04,,,,
6.91,1986-12,,6.91,,,,
6.43,1987-01,,6.43,,,,
6.1,1987-02,,6.1,,,,
6.13,1987-03,,6.13,,,,
6.37,1987-04,,6.37,,,,
6.85,1987-05,,6.85,,,,
6.73,1987-06,,6.73,,,,
6.58,1987-07,,6.58,,,,
6.73,1987-08,,6.73,,,,
7.22,1987-09,,7.22,,,,
7.29,1987-10,,7.29,,,,
6.69,1987-11,,6.69,,,,
6.77,1987-12,,6.77,,,,
6.83,1988-01,,6.83,,,,
6.58,1988-02,,6.58,,,,
6.58,1988-03,,6.58,,,,
6.87,1988-04,,6.87,,,,
7.09,1988-05,,7.09,,,,
7.51,1988-06,,7.51,,,,
7.75,1988-07,,7.75,,,,
8.01,1988-08,,8.01,,,,
8.19,1988-09,,8.19,,,,
8.3,1988-10,,8.3,,,,
8.35,1988-11,,8.35,,,,
8.76,1988-12,,8.76,,,,
9.12,1989-01,,9.12,,,,
9.36,1989-02,,9.36,,,,
9.85,1989-03,,9.85,,,,
9.84,1989-04,,9.84,,,,
9.81,1989-05,,9.81,,,,
9.53,1989-06,,9.53,,,,
9.24,1989-07,,9.24,,,,
8.99,1989-08,,8.99,,,,
9.02,1989-09,,9.02,,,,
8.84,1989-10,,8.84,,,,
8.55,1989-11,,8.55,,,,
8.45,1989-12,,8.45,,,,
8.23,1990-01,,8.23,,,,
8.24,1990-02,,8.24,,,,
8.28,1990-03,,8.28,,,,
8.26,1990-04,,8.26,,,,
8.18,1990-05,,8.18,,,,
8.29,1990-06,,8.29,,,,
8.15,1990-07,,8.15,,,,
8.13,1990-08,,8.13,,,,
8.2,1990-09,,8.2,,,,
8.11,1990-10,,8.11,,,,
7.81,1990-11,,7.81,,,,
7.31,1990-12,,7.31,,,,
6.91,1991-01,,6.91,,,,
6.25,1991-02,,6.25,,,,
6.12,1991-03,,6.12,,,,
5.91,1991-04,,5.91,,,,
5.78,1991-05,,5.78,,,,
5.9,1991-06,,5.9,,,,
5.82,1991-07,,5.82,,,,
5.66,1991-08,,5.66,,,,
5.45,1991-09,,5.45,,,,
5.21,1991-10,,5.21,,,,
4.81,1991-11,,4.81,,,,
4.43,1991-12,,4.43,,,,
4.03,1992-01,,4.03,,,,
4.06,1992-02,,4.06,,,,
3.98,1992-03,,3.98,,,,
3.73,1992-04,,3.73,,,,
3.82,1992-05,,3.82,,,,
3.76,1992-06,,3.76,,,,
3.25,1992-07,,3.25,,,,
3.3,1992-08,,3.3,,,,
3.22,1992-09,,3.22,,,,
3.1,1992-10,,3.1,,,,
3.09,1992-11,,3.09,,,,
2.92,1992-12,,2.92,,,,
3.02,1993-01,,3.02,,,,
3.03,1993-02,,3.03,,,,
3.07,1993-03,,3.07,,,,
2.96,1993-04,,2.96,,,,
3.0,1993-05,,3.0,,,,
3.04,1993-06,,3.04,,,,
3.06,1993-07,,3.06,,,,
3.03,1993-08,,3.03,,,,
3.09,1993-09,,3.09,,,,
2.99,1993-10,,2.99,,,,
3.02,1993-11,,3.02,,,,
2.96,1993-12,,2.96,,,,
3.05,1994-01,,3.05,,,,
3.25,1994-02,,3.25,,,,
3.34,1994-03,,3.34,,,,
3.56,1994-04,,3.56,,,,
4.01,1994-05,,4.01,,,,
4.25,1994-06,,4.25,,,,
4.26,1994-07,,4.26,,,,
4.47,1994-08,,4.47,,,,
4.73,1994-09,,4.73,,,,
4.76,1994-10,,4.76,,,,
5.29,1994-11,,5.29,,,,
5.45,1994-12,,5.45,,,,
5.53,1995-01,,5.53,,,,
5.92,1995-02,,5.92,,,,
5.98,1995-03,,5.98,,,,
6.05,1995-04,,6.05,,,,
6.01,1995-05,,6.01,,,,
6.0,1995-06,,6.0,,,,
5.85,1995-07,,5.85,,,,
5.74,1995-08,,5.74,,,,
5.8,1995-09,,5.8,,,,
5.76,1995-10,,5.76,,,,
5.8,1995-11,,5.8,,,,
5.6,1995-12,,5.6,,,,
5.56,1996-01,,5.56,,,,
5.22,1996-02,,5.22,,,,
5.31,1996-03,,5.31,,,,
5.22,1996-04,,5.22,,,,
5.24,1996-05,,5.24,,,,
5.27,1996-06,,5.27,,,,
5.4,1996-07,,5.4,,,,
5.22,1996-08,,5.22,,,,
5.3,1996-09,,5.3,,,,
5.24,1996-10,,5.24,,,,
5.31,1996-11,,5.31,,,,
5.29,1996-12,,5.29,,,,
5.25,1997-01,,5.25,,,,
5.19,1997-02,,5.19,,,,
5.39,1997-03,,5.39,,,,
5.51,1997-04,,5.51,,,,
5.5,1997-05,,5.5,,,,
5.56,1997-06,,5.56,,,,
5.52,1997-07,,5.52,,,,
5.54,1997-08,,5.54,,,,
5.54,1997-09,,5.54,,,,
5.5,1997-10,,5.5,,,,
5.52,1997-11,,5.52,,,,
5.5,1997-12,,5.5,,,,
5.56,1998-01,,5.56,,,,
5.51,1998-02,,5.51,,,,
5.49,1998-03,,5.49,,,,
5.45,1998-04,,5.45,,,,
5.49,1998-05,,5.49,,,,
5.56,1998-06,,5.56,,,,
5.54,1998-07,,5.54,,,,
5.55,1998-08,,5.55,,,,
5.51,1998-09,,5.51,,,,
5.07,1998-10,,5.07,,,,
4.83,1998-11,,4.83,,,,
4.68,1998-12,,4.68,,,,
4.63,1999-01,,4.63,,,,
4.76,1999-02,,4.76,,,,
4.81,1999-03,,4.81,,,,
4.74,1999-04,,4.74,,,,
4.74,1999-05,,4.74,,,,
4.76,1999-06,,4.76,,,,
4.99,1999-07,,4.99,,,,
5.07,1999-08,,5.07,,,,
5.22,1999-09,,5.22,,,,
5.2,1999-10,,5.2,,,,
5.42,1999-11,,5.42,,,,
5.3,1999-12,,5.3,,,,
5.45,2000-01,,5.45,,,,
5.73,2000-02,,5.73,,,,
5.85,2000-03,,5.85,,,,
6.02,2000-04,,6.02,,,,
6.27,2000-05,,6.27,,,,
6.53,2000-06,,6.53,,,,
6.54,2000-07,,6.54,,,,
6.5,2000-08,,6.5,,,,
6.52,2000-09,,6.52,,,,
6.51,2000-10,,6.51,,,,
6.51,2000-11,,6.51,,,,
6.4,2000-12,,6.4,,,,
5.98,2001-01,,5.98,,,,
5.49,2001-02,,5.49,,,,
5.31,2001-03,,5.31,,,,
4.8,2001-04,,4.8,,,,
4.21,2001-05,,4.21,,,,
3.97,2001-06,,3.97,,,,
3.77,2001-07,,3.77,,,,
3.65,2001-08,,3.65,,,,
3.07,2001-09,,3.07,,,,
2.49,2001-10,,2.49,,,,
2.09,2001-11,,2.09,,,,
1.82,2001-12,,1.82,,,,
1.73,2002-01,,1.73,,,,
1.74,2002-02,,1.74,,,,
1.73,2002-03,,1.73,,,,
1.75,2002-04,,1.75,,,,
1.75,2002-05,,1.75,,,,
1.75,2002-06,,1.75,,,,
1.73,2002-07,,1.73,,,,
1.74,2002-08,,1.74,,,,
1.75,2002-09,,1.75,,,,
1.75,2002-10,,1.75,,,,
1.34,2002-11,,1.34,,,,
1.24,2002-12,,1.24,,,,
1.24,2003-01,,1.24,,,,
1.26,2003-02,,1.26,,,,
1.25,2003-03,,1.25,,,,
1.26,2003-04,,1.26,,,,
1.26,2003-05,,1.26,,,,
1.22,2003-06,,1.22,,,,
1.01,2003-07,,1.01,,,,
1.03,2003-08,,1.03,,,,
1.01,2003-09,,1.01,,,,
1.01,2003-10,,1.01,,,,
1.0,2003-11,,1.0,,,,
0.98,2003-12,,0.98,,,,
1.0,2004-01,,1.0,,,,
1.01,2004-02,,1.01,,,,
1.0,2004-03,,1.0,,,,
1.0,2004-04,,1.0,,,,
1.0,2004-05,,1.0,,,,
1.03,2004-06,,1.03,,,,
1.26,2004-07,,1.26,,,,
1.43,2004-08,,1.43,,,,
1.61,2004-09,,1.61,,,,
1.76,2004-10,,1.76,,,,
1.93,2004-11,,1.93,,,,
2.16,2004-12,,2.16,,,,
2.28,2005-01,,2.28,,,,
2.5,2005-02,,2.5,,,,
2.63,2005-03,,2.63,,,,
2.79,2005-04,,2.79,,,,
3.0,2005-05,,3.0,,,,
3.04,2005-06,,3.04,,,,
3.26,2005-07,,3.26,,,,
3.5,2005-08,,3.5,,,,
3.62,2005-09,,3.62,,,,
3.78,2005-10,,3.78,,,,
4.0,2005-11,,4.0,,,,
4.16,2005-12,,4.16,,,,
4.29,2006-01,,4.29,,,,
4.49,2006-02,,4.49,,,,
4.59,2006-03,,4.59,,,,
4.79,2006-04,,4.79,,,,
4.94,2006-05,,4.94,,,,
4.99,2006-06,,4.99,,,,
5.24,2006-07,,5.24,,,,
5.25,2006-08,,5.25,,,,
5.25,2006-09,,5.25,,,,
5.25,2006-10,,5.25,,,,
5.25,2006-11,,5.25,,,,
5.24,2006-12,,5.24,,,,
5.25,2007-01,,5.25,,,,
5.26,2007-02,,5.26,,,,
5.26,2007-03,,5.26,,,,
5.25,2007-04,,5.25,,,,
5.25,2007-05,,5.25,,,,
5.25,2007-06,,5.25,,,,
5.26,2007-07,,5.26,,,,
5.02,2007-08,,5.02,,,,
4.94,2007-09,,4.94,,,,
4.76,2007-10,,4.76,,,,
4.49,2007-11,,4.49,,,,
4.24,2007-12,,4.24,,,,
3.94,2008-01,,3.94,,,,
2.98,2008-02,,2.98,,,,
2.61,2008-03,,2.61,,,,
2.28,2008-04,,2.28,,,,
1.98,2008-05,,1.98,,,,
2.0,2008-06,,2.0,,,,
2.01,2008-07,,2.01,,,,
2.0,2008-08,,2.0,,,,
1.81,2008-09,,1.81,,,,
0.97,2008-10,,0.97,,,,
0.39,2008-11,,0.39,,,,
0.16,2008-12,,0.16,,,,
0.15,2009-01,,0.15,,,,
0.22,2009-02,,0.22,,,,
0.18,2009-03,,0.18,,,,
0.15,2009-04,,0.15,,,,
0.18,2009-05,,0.18,,,,
0.21,2009-06,,0.21,,,,
0.16,2009-07,,0.16,,,,
0.16,2009-08,,0.16,,,,
0.15,2009-09,,0.15,,,,
0.12,2009-10,,0.12,,,,
0.12,2009-11,,0.12,,,,
0.12,2009-12,,0.12,,,,
0.11,2010-01,,0.11,,,,
0.13,2010-02,,0.13,,,,
0.16,2010-03,,0.16,,,,
0.2,2010-04,,0.2,,,,
0.2,2010-05,,0.2,,,,
0.18,2010-06,,0.18,,,,
0.18,2010-07,,0.18,,,,
0.19,2010-08,,0.19,,,,
0.19,2010-09,,0.19,,,,
0.19,2010-10,,0.19,,,,
0.19,2010-11,,0.19,,,,
0.18,2010-12,,0.18,,,,
0.17,2011-01,,0.17,,,,
0.16,2011-02,,0.16,,,,
0.14,2011-03,,0.14,,,,
0.1,2011-04,,0.1,,,,
0.09,2011-05,,0.09,,,,
0.09,2011-06,,0.09,,,,
0.07,2011-07,,0.07,,,,
0.1,2011-08,,0.1,,,,
0.08,2011-09,,0.08,,,,
0.07,2011-10,,0.07,,,,
0.08,2011-11,,0.08,,,,
0.07,2011-12,,0.07,,,,
0.08,2012-01,,0.08,,,,
0.1,2012-02,,0.1,,,,
0.13,2012-03,,0.13,,,,
0.14,2012-04,,0.14,,,,
0.16,2012-05,,0.16,,,,
0.16,2012-06,,0.16,,,,
0.16,2012-07,,0.16,,,,
0.13,2012-08,,0.13,,,,
0.14,2012-09,,0.14,,,,
0.16,2012-10,,0.16,,,,
0.16,2012-11,,0.16,,,,
0.16,2012-12,,0.16,,,,
0.14,2013-01,,0.14,,,,
0.15,2013-02,,0.15,,,,
0.14,2013-03,,0.14,,,,
0.15,2013-04,,0.15,,,,
0.11,2013-05,,0.11,,,,
0.09,2013-06,,0.09,,,,
0.09,2013-07,,0.09,,,,
0.08,2013-08,,0.08,,,,
0.08,2013-09,,0.08,,,,
0.09,2013-10,,0.09,,,,
0.08,2013-11,,0.08,,,,
0.09,2013-12,,0.09,,,,
0.07,2014-01,233.916,0.07,105.2909,0.726969,0.603652,1.124795
0.07,2014-02,234.781,0.07,105.2909,0.726969,0.603652,1.124795
0.08,2014-03,236.293,0.08,102.1314,0.741373,0.608285,1.142262
0.09,2014-04,237.072,0.09,101.8185,0.724539,0.597231,1.120243
0.09,2014-05,237.9,0.09,103.5259,0.724967,0.601339,1.082121
0.1,2014-06,238.343,0.1,102.3418,0.721026,0.592067,1.078672
0.09,2014-07,238.25,0.09,101.787801,0.73379,0.59685,1.074245
0.09,2014-08,237.852,0.09,101.5028,0.73104,0.583098,1.053752
0.09,2014-09,238.031,0.09,102.650999,0.744675,0.594464,1.073852
0.09,2014-10,237.433,0.09,104.2819,0.761657,0.602024,1.071388
0.09,2014-11,236.151,0.09,109.155001,0.792447,0.617821,1.144812
0.12,2014-12,234.812,0.12,112.0493,0.798418,0.625118,1.136579
0.11,2015-01,233.707,0.11,118.376401,0.801731,0.635521,1.177258
0.11,2015-02,234.722,0.11,120.2679,0.830151,0.644102,1.227915
0.11,2015-03,236.119,0.11,117.2372,0.883904,0.662971,1.2872
0.12,2015-04,236.599,0.12,119.6763,0.894212,0.648335,1.28126
0.12,2015-05,237.805,0.12,119.7355,0.928433,0.674264,1.315248
0.13,2015-06,238.638,0.13,119.9514,0.892893,0.66049,1.273612
0.13,2015-07,238.654,0.13,124.669899,0.915175,0.657846,1.313903
0.14,2015-08,238.316,0.14,123.039,0.905049,0.640549,1.308343
0.14,2015-09,237.945,0.14,123.9165,0.909846,0.640156,1.368899
0.12,2015-10,237.838,0.12,119.8626,0.884777,0.653398,1.424313
0.12,2015-11,237.336,0.12,119.8596,0.893525,0.660693,1.421315
0.24,2015-12,236.525,0.24,120.5625,0.907375,0.647269,1.402299
0.34,2016-01,236.916,0.34,122.9007,0.940862,0.663197,1.365265
0.38,2016-02,237.111,0.38,120.3742,0.920961,0.678607,1.37393
0.36,2016-03,238.132,0.36,121.0339,0.918241,0.693213,1.407108
0.37,2016-04,239.261,0.37,113.8826,0.920361,0.716524,1.393516
0.37,2016-05,240.229,0.37,111.803901,0.877703,0.702744,1.301655
0.38,2016-06,241.018,0.38,106.6129,0.872856,0.685235,1.314262
0.39,2016-07,240.628,0.39,109.8413,0.894038,0.693793,1.379099
0.4,2016-08,240.849,0.4,102.5818,0.8978,0.75343,1.332638
0.4,2016-09,241.428,0.4,102.3038,0.89555,0.758543,1.328525
0.4,2016-10,241.729,0.4,103.2399,0.89325,0.753395,1.3245
0.41,2016-11,241.353,0.41,101.2998,0.8897,0.77056,1.305225
0.54,2016-12,241.432,0.54,104.218101,0.9043,0.81692,1.306825
0.65,2017-01,242.839,0.65,113.831701,0.93775,0.794155,1.347338
0.66,2017-02,243.603,0.66,116.82243628,0.949713,0.809782,1.3862
0.79,2017-03,243.801,0.79,113.2895,0.928581,0.789817,1.318685
0.9,2017-04,244.524,0.9,114.12616667,0.949132,0.814956,1.305633
0.91,2017-05,244.733,0.91,111.375,0.937734,0.797194,1.31053
1.04,2017-06,244.955,1.04,111.81792308,0.916707,0.775344,1.3277
1.15,2017-07,244.786,1.15,111.444125,0.891834,0.776005,1.35494
1.16,2017-08,245.519,1.16,112.405,0.875305,0.767595,1.300559
1.15,2017-09,246.819,1.15,110.44099822,0.846655,0.757171,1.256849
1.15,2017-10,246.663,1.15,110.255,0.843035,0.772198,1.254846
1.16,2017-11,246.669,1.16,112.6583,0.846824,0.746469,1.275208
1.3,2017-12,246.524,1.3,114.17328176,0.859953,0.754344,1.302592
1.41,2018-01,247.867,1.41,112.125,0.840831,0.74219,1.313888
1.42,2018-02,248.991,1.42,112.7745,0.832586,0.740188,1.282205
1.51,2018-03,249.554,1.51,109.39925,0.799308,0.700957,1.243791
1.69,2018-04,250.546,1.69,106.1712,0.81494,0.725942,1.287896
1.7,2018-05,251.588,1.7,106.31512282,0.812131,0.712437,1.301587
1.82,2018-06,251.989,1.82,109.87375,0.833945,0.734811,1.3366
1.91,2018-07,252.006,1.91,109.545,0.85701,0.748955,1.321164
1.91,2018-08,252.146,1.91,110.72971421,0.8562,0.757058,1.3516
1.95,2018-09,252.439,1.95,111.64316667,0.857449,0.761904,1.350341
2.19,2018-10,252.885,2.19,111.03955251,0.8612,0.771545,1.390047
2.2,2018-11,252.038,2.2,113.9555,0.863774,0.766696,1.38353
2.27,2018-12,251.233,2.27,112.73403846,0.877001,0.769067,1.387953
2.4,2019-01,251.712,2.4,113.4985,0.883314,0.78416,1.367241
2.4,2019-02,252.776,2.4,109.672,0.872486,0.784068,1.418806
2.41,2019-03,254.202,2.41,109.49484758,0.872791,0.76425,1.37874
2.42,2019-04,255.548,2.42,111.91440809,0.879625,0.756945,1.412429
2.39,2019-05,256.092,2.39,111.4514,0.892455,0.76524,1.406424
2.38,2019-06,256.143,2.38,111.453,0.892663,0.766094,1.42573
2.4,2019-07,256.571,2.4,108.275,0.89338,0.7912,1.4405
2.13,2019-08,256.558,2.13,108.3772963,0.885936,0.790855,1.43574
2.04,2019-09,256.759,2.04,107.4445,0.902602,0.824825,1.470168
1.83,2019-10,257.346,1.83,106.13675,0.909878,0.822466,1.486799
1.55,2019-11,257.208,1.55,107.75116353,0.914453,0.813554,1.490807
1.55,2019-12,256.974,1.55,108.20502495,0.895396,0.7727,1.4474
1.55,2020-01,257.971,1.55,109.5345,0.907568,0.774451,1.47812
1.58,2020-02,258.678,1.58,108.72525,0.891348,0.754603,1.424502
0.65,2020-03,258.115,0.65,108.39497603,0.901364,0.757312,1.493875
0.05,2020-04,256.389,0.05,107.431,0.904912,0.782441,1.545679
0.05,2020-05,256.394,0.05,107.29594444,0.913105,0.807676,1.641998
0.08,2020-06,257.797,0.08,106.93,0.901429,0.799872,1.5576
0.09,2020-07,259.101,0.09,107.561,0.89884,0.800865,1.474066
0.1,2020-08,259.918,0.1,107.375,0.888778,0.80215,1.446927
0.09,2020-09,260.28,0.09,105.839,0.848983,0.764213,1.400796
0.09,2020-10,260.388,0.09,105.89799695,0.838739,0.746275,1.355547
0.09,2020-11,260.229,0.09,105.5515,0.851495,0.776096,1.3924
0.09,2020-12,260.474,0.09,104.565,0.858974,0.773636,1.426991
0.09,2021-01,261.582,0.09,104.301,0.828445,0.745054,1.354903
0.08,2021-02,263.014,0.08,103.23998054,0.822681,0.73135,1.29985
0.07,2021-03,264.877,0.07,104.885,0.828645,0.731215,1.310045
0.07,2021-04,267.054,0.07,106.848,0.829965,0.717932,1.28635
0.06,2021-05,269.195,0.06,110.615,0.849,0.72285,1.312853
0.08,2021-06,271.696,0.08,109.3005,0.83195,0.723743,1.29584
0.1,2021-07,273.003,0.1,109.49724812,0.818498,0.706415,1.289332
0.09,2021-08,273.567,0.09,111.57275,0.844181,0.726795,1.339486
0.08,2021-09,274.31,0.08,109.711,0.842723,0.719632,1.362061
0.08,2021-10,276.589,0.08,110.0965,0.844488,0.726151,1.357589
0.08,2021-11,277.948,0.08,111.0765,0.862519,0.738253,1.376822
0.08,2021-12,278.802,0.08,114.093,0.862101,0.732349,1.329571
0.08,2022-01,281.148,0.08,112.888,0.883466,0.753195,1.406982
0.08,2022-02,283.716,0.08,115.108,0.879202,0.739016,1.376558
0.2,2022-03,287.504,0.2,114.7365,0.88705,0.739372,1.401712
0.33,2022-04,289.109,0.33,114.8415,0.898295,0.749913,1.37724
0.77,2022-05,292.296,0.77,122.507,0.9051,0.76255,1.333333
1.21,2022-06,296.311,1.21,130.0045,0.949196,0.795608,1.415874
1.68,2022-07,296.276,1.68,130.12571501,0.938853,0.801026,1.394402
2.33,2022-08,296.171,2.33,135.225,0.958856,0.826806,1.467159
2.56,2022-09,296.808,2.56,131.412,0.974432,0.815866,1.423765
3.08,2022-10,298.012,3.08,140.0825,1.004843,0.86601,1.471611
3.78,2022-11,297.711,3.78,144.739,1.020055,0.896861,1.562744
4.1,2022-12,296.797,4.1,147.91753333,1.012429,0.870417,1.563537
4.33,2023-01,299.17,4.33,135.150375,0.949893,0.815757,1.468267
4.57,2023-02,300.84,4.57,130.926,0.934096,0.826651,1.466361
4.65,2023-03,301.836,4.65,128.60680807,0.908038,0.807255,1.399084
4.83,2023-04,303.363,4.83,136.202625,0.937342,0.831469,1.479349
5.06,2023-05,304.127,5.06,132.77505866,0.920175,0.810045,1.495215
5.08,2023-06,305.109,5.08,137.519,0.911535,0.80099,1.509939
5.12,2023-07,305.691,5.12,138.74483333,0.92931,0.798321,1.520408
5.33,2023-08,307.026,5.33,144.33492787,0.91605,0.786999,1.50085
5.33,2023-09,307.789,5.33,142.963,0.908455,0.78154,1.511123
5.33,2023-10,307.671,5.33,146.20406742,0.926999,0.794344,1.547509
5.33,2023-11,307.051,5.33,149.5325,0.946601,0.820142,1.553461
5.33,2023-12,306.746,5.33,150.57708333,0.944618,0.820936,1.557151
5.33,2024-01,308.417,5.33,146.81497316,0.918056,0.787464,1.499933
5.33,2024-02,310.326,5.33,141.115,0.906074,0.78569,1.468645
5.33,2024-03,312.332,5.33,146.465,0.919593,0.784543,1.52104
5.33,2024-04,313.548,5.33,150.09493521,0.92205,0.790077,1.53025
5.33,2024-05,314.069,5.33,151.596,0.9314,0.797064,1.541352
5.33,2024-06,314.175,5.33,155.2714,0.933021,0.797744,1.531359
5.33,2024-07,314.54,5.33,157.25001195,0.921107,0.785114,1.501051
5.33,2024-08,314.796,5.33,161.513,0.931385,0.790823,1.50281
5.13,2024-09,315.301,5.13,149.21125,0.927085,0.785689,1.53991
